date;Lead;Mid;Lag;mktrf;smb;hml;rf
1972-01-01;33.98127969341838;36.40006137763962;12.6817603870949;29.880000000000003;73.44;23.88;3.4799999999999995
1972-02-01;70.71121750979582;27.26927330499948;49.61108802181164;34.44;16.44;-33.12;3.0
1972-03-01;28.569885595573773;-1.729173353057468;33.94101427368898;7.5600000000000005;-3.24;-20.759999999999998;3.24
1972-04-01;17.804563980270785;8.642395195637874;-9.87034667481715;3.4799999999999995;0.12;2.7600000000000002;3.4799999999999995
1972-05-01;28.751399840033635;23.88333190012665;1.21973626367163;15.0;-33.480000000000004;-32.28;3.5999999999999996
1972-06-01;-3.4137745390974086;-30.538620188848604;-33.79323566722093;-29.160000000000004;3.96;-30.119999999999997;3.4799999999999995
1972-07-01;-25.99814220395568;4.845665164971239;-7.644454861322789;-9.600000000000001;-34.68;9.36;3.7199999999999998
1972-08-01;26.378280448841938;31.666444074777356;84.39603171646887;39.12;-49.08;56.28;3.4799999999999995
1972-09-01;-7.952486941759145;-13.58482955797174;1.4647243326574517;-13.68;-32.04;5.64;4.08
1972-10-01;9.379698768581015;-2.0846542131581227;55.74843589547044;6.24;-32.88;16.44;4.800000000000001
1972-11-01;72.9197969511522;51.394855482013824;73.10425335540718;55.199999999999996;-13.32;57.12;4.4399999999999995
1972-12-01;17.736570905900976;15.855661166663921;3.695208347975818;7.4399999999999995;-22.32;-27.240000000000002;4.4399999999999995
1973-01-01;8.782276602091802;-43.597574115929056;-39.45302090705624;-39.480000000000004;-41.76;32.160000000000004;5.28
1973-02-01;-54.22521682643507;-56.967662934360604;-15.249252634120428;-58.199999999999996;-47.88;20.4;4.92
1973-03-01;20.627262211007103;-17.636705862363844;-14.25095483022705;-15.600000000000001;-33.839999999999996;33.36;5.5200000000000005
1973-04-01;-38.45719490626265;-56.22475690159272;-76.79799839875541;-68.16;-47.88;68.28;6.24
1973-05-01;-11.917921400075246;-24.841963377527964;-32.40114153954536;-35.28;-73.44;2.52;6.12
1973-06-01;10.263335893877846;-11.48409770177442;-48.27998667151873;-18.72;-35.400000000000006;17.28;6.12
1973-07-01;93.97227871048025;54.85378927567639;72.71641490489785;60.599999999999994;94.92;-63.72;7.68
1973-08-01;-58.618656862666;-38.24020901049683;-8.87109680869874;-45.839999999999996;-24.36;13.68;8.399999999999999
1973-09-01;67.72505588831766;51.553506476357256;98.44856855989522;57.0;35.28;26.160000000000004;8.16
1973-10-01;19.299676993196442;-12.393132100413464;32.07491996510187;-9.959999999999999;-2.7600000000000002;20.88;7.800000000000001
1973-11-01;-148.3336959124348;-144.47380960534636;-143.27827403882577;-153.0;-92.4;48.480000000000004;6.720000000000001
1973-12-01;-11.402114274984765;29.26010389304782;-14.61727883516948;7.32;-63.480000000000004;49.08;7.68
1974-01-01;0.32106668246594444;-4.446470191573817;6.330788098418916;-2.04;117.12;71.88;7.5600000000000005
1974-02-01;9.098121153825677;1.2795701320499;8.890688516990767;-5.64;0.6000000000000001;30.48;6.959999999999999
1974-03-01;9.209152508613705;-34.51919605533742;-33.374244337990945;-33.72;30.119999999999997;-1.32;6.720000000000001
1974-04-01;-8.70299660291353;-65.19632736623268;-40.68882299851558;-63.480000000000004;-8.52;12.72;9.0
1974-05-01;6.574117864771319;-50.89357491184357;-61.96392698678798;-56.16;-36.12;-24.48;9.0
1974-06-01;-15.879210676593125;-27.411374656961314;-11.628624129848292;-33.96;-2.4000000000000004;9.48;7.199999999999999
1974-07-01;-146.20764509735346;-90.32939605608776;3.9112335978486494;-96.60000000000001;11.040000000000001;61.67999999999999;8.399999999999999
1974-08-01;-139.56150567787793;-90.26306027988235;-98.68789408079154;-112.19999999999999;-8.16;30.0;7.199999999999999
1974-09-01;-168.70457721837641;-131.17688389401434;-102.05329131103954;-141.24;3.24;65.88;9.72
1974-10-01;204.7657685220246;188.43584620010924;256.96822674960265;193.20000000000002;-42.12;-119.88;6.12
1974-11-01;-49.188171754677455;-48.61542957454775;-47.41463745825284;-54.12;-14.04;-1.92;6.48
1974-12-01;-61.190960141212415;-32.17480923080303;2.608962320648498;-41.400000000000006;-58.08;0.0;8.399999999999999
1975-01-01;232.88457195315445;174.68651813407956;76.32512548343763;163.92000000000002;132.12;101.28;6.959999999999999
1975-02-01;55.43184168929259;93.16421420699447;27.56989668687397;66.72;1.92;-54.72;5.16
1975-03-01;67.47741063143087;37.22906946012548;4.250651447382514;31.92;45.0;29.880000000000003;4.92
1975-04-01;20.13291392812665;59.907722837615424;84.07537624339882;50.760000000000005;-6.48;-13.32;5.28
1975-05-01;75.88775041763608;57.271571785697;103.54829764276064;62.28;45.96;-48.239999999999995;5.28
1975-06-01;98.46303011852822;49.49991602765617;73.5792903161056;57.96;9.120000000000001;15.84;4.92
1975-07-01;-62.904435670260966;-79.81958017532996;-74.30224058503048;-79.08;32.28;20.4;5.76
1975-08-01;-50.31284803907134;-23.74288265384601;-12.867218187739763;-34.2;-38.400000000000006;-10.8;5.76
1975-09-01;-62.36573909063553;-43.12712382007119;-34.17118423053545;-51.12;-1.56;4.08;6.36
1975-10-01;75.96253319130155;88.72028099924805;15.822806298373356;63.72;-48.239999999999995;3.5999999999999996;6.720000000000001
1975-11-01;52.6588327215333;45.57246594592164;-1.7581565946722906;31.68;-14.28;23.88;4.92
1975-12-01;1.7967051834942258;-20.354114490899462;9.882278204384349;-19.200000000000003;-9.120000000000001;21.12;5.76
1976-01-01;154.09862266873168;166.9545411909657;115.02300050071015;145.92000000000002;57.599999999999994;102.96000000000001;5.64
1976-02-01;11.710073467231991;14.215026518887385;-22.486885484335506;3.84;84.36;69.36;4.08
1976-03-01;44.6601239493515;25.707153602945006;52.87471888689778;27.839999999999996;-14.04;-0.48;4.800000000000001
1976-04-01;-17.084413034030007;-16.51220215321554;4.515960778638101;-17.88;-0.36;-0.72;5.04
1976-05-01;-30.996619589970166;-9.925596132637885;-5.719148257993141;-16.080000000000002;-14.879999999999999;-15.84;4.4399999999999995
1976-06-01;60.39414470822615;54.25856763899656;50.53981005083904;48.599999999999994;-16.200000000000003;8.16;5.16
1976-07-01;-7.0244011193955505;-7.947182659402838;-7.290521960426152;-12.84;3.7199999999999998;20.88;5.64
1976-08-01;-2.372077878114796;-6.041120777375301;13.43256101178076;-6.720000000000001;-24.119999999999997;9.48;5.04
1976-09-01;29.41059551634465;34.6212237316326;18.2553282971055;24.839999999999996;-0.12;-3.4799999999999995;5.28
1976-10-01;-27.75935531695052;-21.237302615023825;-41.859567942728184;-29.04;3.0;-1.56;4.92
1976-11-01;11.619200677831879;3.2716098528540254;27.57791780170474;4.32;27.839999999999996;18.12;4.800000000000001
1976-12-01;84.84547246066765;79.67046541337183;45.625248221439534;67.80000000000001;36.12;26.64;4.800000000000001
1977-01-01;-36.55150895444807;-46.87631442964455;-61.69743200356906;-48.599999999999994;57.36;51.12;4.32
1977-02-01;-27.930461574171154;-16.481427219720374;-10.825224774914707;-23.28;12.96;6.0;4.199999999999999
1977-03-01;-27.188727138316644;-9.867071110164146;-2.123342354890755;-16.44;11.879999999999999;12.24;4.5600000000000005
1977-04-01;28.682463141773184;8.957470043995665;-27.420927058609625;1.7999999999999998;-1.44;41.400000000000006;4.5600000000000005
1977-05-01;-8.247912517356196;-13.598211238631842;-21.464967067580375;-17.4;14.16;10.08;4.4399999999999995
1977-06-01;64.63963589244901;57.5632441065078;77.28899190057791;56.519999999999996;25.56;-7.68;4.800000000000001
1977-07-01;-6.844331275697034;-20.435339532200484;-17.968444991647807;-20.28;25.44;-7.08;5.04
1977-08-01;13.310895715756036;-29.63683726902405;11.317714492694606;-21.0;18.240000000000002;-33.480000000000004;5.28
1977-09-01;3.635505079622251;4.7037509304283684;-11.188289228160473;-3.24;17.4;-5.88;5.16
1977-10-01;-46.02600390103538;-54.74994275911283;-31.47021332544115;-52.56;15.24;20.64;5.88
1977-11-01;52.443163471947926;49.46264786805749;61.1080834017758;48.0;44.64;3.7199999999999998;6.0
1977-12-01;15.608019475366294;-0.8858642911080439;14.266604792407971;3.24;16.200000000000003;-4.4399999999999995;5.88
1978-01-01;-62.825462618916646;-65.90027348592602;-65.65445285010762;-72.12;26.64;39.72;5.88
1978-02-01;-28.15246584391182;-10.347283956329687;-5.600743865358389;-16.56;43.08;9.120000000000001;5.5200000000000005
1978-03-01;51.01898249531836;40.585849821070205;31.690296493308104;34.2;41.76;14.399999999999999;6.36
1978-04-01;100.4184057601272;91.58123032191844;121.82689768547397;94.56;4.800000000000001;-42.480000000000004;6.48
1978-05-01;38.41283348816482;17.223011479954955;33.29880985246296;21.12;54.72;-7.4399999999999995;6.12
1978-06-01;-22.96458931043439;-10.382590991924863;-8.43021192727754;-20.28;20.28;7.08;6.48
1978-07-01;65.73761109374836;67.56461442176523;71.64193238815567;61.32000000000001;3.12;-13.32;6.720000000000001
1978-08-01;46.303022628897935;41.12368827869262;81.08727696972592;45.0;60.72;-5.5200000000000005;6.720000000000001
1978-09-01;20.02000223509641;-12.871486275264921;-18.16366456686735;-17.16;-4.68;22.44;7.4399999999999995
1978-10-01;-134.32028002824327;-124.48204951359527;-143.58628743090588;-142.92000000000002;-118.56;16.32;8.16
1978-11-01;42.399096083469715;32.063501928816606;58.75887808398579;32.519999999999996;36.12;-26.64;8.399999999999999
1978-12-01;31.10394260743834;11.86395377996437;45.015856410082435;10.56;14.879999999999999;-26.28;9.36
1979-01-01;47.87093860447249;62.807222679800276;54.18763960958792;50.760000000000005;43.92;27.240000000000002;9.24
1979-02-01;-11.95541596095772;-43.822186718809476;-35.13578773644282;-42.72;5.4;14.399999999999999;8.76
1979-03-01;87.87413366977148;66.79944965772373;79.48958815058802;68.16;38.28;-8.040000000000001;9.72
1979-04-01;2.1539355477508053;14.64922172060956;-8.176897516916672;-0.72;26.160000000000004;12.600000000000001;9.600000000000001
1979-05-01;-24.366550385138204;-18.70246035900563;-27.59831613779663;-26.52;6.84;23.04;9.84
1979-06-01;45.1937022302569;68.93041643208997;17.14422543395948;46.2;14.04;17.759999999999998;9.72
1979-07-01;9.251036200856621;24.07078201439171;7.628707062612378;9.84;15.120000000000001;20.4;9.24
1979-08-01;78.53129398400043;77.7950086969403;72.67710434891619;66.36;24.96;-18.6;9.24
1979-09-01;-10.845116417189123;9.586112941733104;-15.20184526542403;-9.84;-3.0;-10.44;9.959999999999999
1979-10-01;-120.95278661185372;-76.14007939158948;-98.9910888642733;-97.19999999999999;-40.08;-22.32;10.44
1979-11-01;40.80365976238753;76.60703555006549;83.30895571957092;62.519999999999996;32.88;-39.0;11.879999999999999
1979-12-01;64.59107971071667;25.589278039358405;29.488858309411878;21.48;50.04;-23.759999999999998;11.399999999999999
1980-01-01;154.38158310322075;41.434362927125854;64.72311361126123;66.12;19.799999999999997;21.6;9.600000000000001
1980-02-01;96.9127896399809;-43.95694079482599;-47.443070948314386;-14.64;-21.84;7.4399999999999995;10.68
1980-03-01;-185.40816844840768;-94.2861674254737;-133.50427117731442;-154.8;-79.67999999999999;-12.72;14.52
1980-04-01;70.7741759590458;64.57478999647114;25.583004173847982;47.64;11.64;12.72;15.120000000000001
1980-05-01;48.672896378016944;79.67093182053404;69.54524350764603;63.12;25.92;4.68;9.72
1980-06-01;68.6779826651184;36.47555389036594;24.54949386356725;36.72;20.04;-10.68;7.32
1980-07-01;70.84623777254245;64.99711981310585;149.41832989476723;77.88;51.0;-75.6;6.36
1980-08-01;24.571623496413128;35.47580566421481;24.76759839819721;21.6;47.04;-31.68;7.68
1980-09-01;27.61549522257178;59.182423888287275;37.54092375434227;26.28;10.68;-57.480000000000004;9.0
1980-10-01;8.930717106966814;40.074941294500896;40.59160979307157;12.72;29.64;-32.88;11.399999999999999
1980-11-01;85.91416700251537;149.30473822299402;52.7944469629262;115.08;-41.400000000000006;-100.19999999999999;11.52
1980-12-01;23.828373422234037;-60.95274685972481;20.63053002359048;-54.239999999999995;-3.3600000000000003;32.160000000000004;15.72
1981-01-01;-37.366224704148856;-43.15816587800166;-70.64648347046699;-60.480000000000004;36.0;82.08;12.48
1981-02-01;19.107702023733626;24.10732512163915;-3.325571909482421;6.84;-3.7199999999999998;11.64;12.84
1981-03-01;81.8355723664124;53.10383891407204;50.04936715677036;42.72;42.96;8.040000000000001;14.52
1981-04-01;7.8007858543212585;31.60481434766737;-50.802004684284555;-25.32;53.04;27.119999999999997;12.96
1981-05-01;26.890646609751172;21.75657824806548;-19.581221362309897;1.32;24.0;-5.16;13.799999999999999
1981-06-01;-52.08950583915345;7.877882835939928;-2.954946878226115;-28.32;-10.2;61.56;16.200000000000003
1981-07-01;-41.59179028919993;15.718311337718177;-35.87362178806047;-18.48;-26.160000000000004;-7.92;14.879999999999999
1981-08-01;-82.14702593357666;-63.02839404198782;-73.13117976832615;-84.48;-23.4;58.08;15.36
1981-09-01;-58.403639844835;-104.23447054063973;-49.03843805259817;-86.03999999999999;-31.92;62.400000000000006;14.879999999999999
1981-10-01;52.652578744768746;65.93310670481642;90.74914421774733;59.04;25.56;-50.519999999999996;14.52
1981-11-01;44.517358765767284;59.24396629489716;53.4889829550928;40.32;-11.52;22.799999999999997;12.84
1981-12-01;-11.462459887443547;-9.963083404473036;-43.19243456080562;-43.8;14.04;8.879999999999999;10.44
1982-01-01;-8.72845000583635;-41.79976859739952;34.94447454984144;-38.88;-15.48;38.04;9.600000000000001
1982-02-01;-22.39284702729949;-75.75825892234212;-89.40352238722278;-70.32000000000001;5.88;73.19999999999999;11.040000000000001
1982-03-01;32.453951699367515;-25.62766224645495;-99.84667851934911;-22.44;-2.2800000000000002;45.36;11.76
1982-04-01;52.89489859597168;65.34802151737902;48.355574614805654;39.24;18.12;-33.36;13.559999999999999
1982-05-01;-47.08009323364846;-21.765299281209856;-47.65906417706046;-47.88;5.64;21.72;12.72
1982-06-01;-19.60543979269397;-34.92903704846356;-23.38411396415989;-37.08;-4.800000000000001;18.48;11.52
1982-07-01;-8.234808073677657;-24.490032703348287;-50.585946290979635;-38.28;10.08;1.7999999999999998;12.600000000000001
1982-08-01;152.39888986197894;136.62915128532546;131.77210096000493;133.68;-49.32000000000001;13.919999999999998;9.120000000000001
1982-09-01;23.3348245110216;17.953654487813907;15.68527601104699;15.48;34.56;4.08;6.12
1982-10-01;83.40805160950819;167.3036626435696;79.48955265302432;135.60000000000002;28.200000000000003;-44.160000000000004;7.08
1982-11-01;26.149915882576586;106.87303945929108;-15.259817572976818;56.04;57.239999999999995;-23.52;7.5600000000000005
1982-12-01;21.945647178672438;24.49827247736483;54.79964967590061;6.6000000000000005;-2.16;0.12;8.040000000000001
1983-01-01;65.28062479397659;29.745203181526882;49.35383934459758;43.2;32.400000000000006;-10.32;8.28
1983-02-01;20.064367866378657;47.30505977491345;-3.2861896448300323;31.08;38.76;8.040000000000001;7.4399999999999995
1983-03-01;10.686282607806012;50.86475656487134;68.21898194553428;33.839999999999996;21.240000000000002;24.839999999999996;7.5600000000000005
1983-04-01;54.70083743317363;90.0731333159072;99.76845329405594;80.03999999999999;6.36;7.199999999999999;8.52
1983-05-01;9.175700678292255;7.408320206519136;26.95544396399496;6.24;73.92;-16.799999999999997;8.28
1983-06-01;-1.8536748486922292;43.22346603671187;82.58435209679587;36.839999999999996;10.92;-46.44;8.040000000000001
1983-07-01;-29.033529858176216;-41.43621741168367;-39.63060126666124;-48.84;17.52;67.44;8.879999999999999
1983-08-01;15.167796939444433;-15.260822451212459;39.04104288639346;-6.0;-51.599999999999994;66.6;9.120000000000001
1983-09-01;35.462515914424095;32.78965583954069;-15.14723742503016;10.92;6.720000000000001;13.080000000000002;9.120000000000001
1983-10-01;7.300224768900547;-33.300225538137425;-56.227921461837525;-41.28;-43.2;60.72;9.120000000000001
1983-11-01;-10.272505608863508;43.59029148962299;44.64414801259431;25.92;24.48;-7.4399999999999995;8.399999999999999
1983-12-01;-34.565796029219726;-6.278203291995202;9.386426529951748;-21.36;-3.4799999999999995;20.04;8.76
1984-01-01;11.773482378048659;-19.19404108088802;-36.975985583231534;-23.04;-5.16;91.56;9.120000000000001
1984-02-01;-55.69955789255012;-46.550843782158815;-70.27790390751358;-57.84;-20.52;40.32;8.52
1984-03-01;-10.224804628248032;21.919472926632803;27.886556406101082;7.5600000000000005;0.8400000000000001;5.76;8.76
1984-04-01;-11.475693307701565;6.7188675538736025;-0.9742212576528336;-6.12;-14.399999999999999;15.48;9.72
1984-05-01;-61.621141889333046;-67.5307367558758;-58.600249721427986;-71.64;0.36;3.12;9.36
1984-06-01;54.46168760406201;19.042979440511616;36.502996224440274;21.84;-3.84;-31.200000000000003;9.0
1984-07-01;-16.605961862408993;-17.903162245258365;-76.81763098522867;-32.88;-26.52;5.88;9.84
1984-08-01;140.13126128856518;135.60401063628984;161.3333517741823;123.35999999999999;-3.0;-22.200000000000003;9.959999999999999
1984-09-01;15.77508955658945;-9.765419037574052;13.347559425488853;-9.600000000000001;2.4000000000000004;63.84;10.32
1984-10-01;-39.37113211040273;12.994877098202572;2.917093547755294;-10.08;-14.399999999999999;6.12;12.0
1984-11-01;-17.004466293586653;-9.68125893140386;-33.10800416969205;-21.12;-7.4399999999999995;48.96;8.76
1984-12-01;1.6139712686296321;35.89758758548328;26.377743029589013;22.080000000000002;-7.199999999999999;-2.04;7.68
1985-01-01;108.03145488599418;103.93046497952383;107.42715199291378;95.88;39.24;-65.16;7.800000000000001
1985-02-01;37.29330017428828;16.01434698071718;21.42927725881664;14.64;9.120000000000001;-1.44;6.959999999999999
1985-03-01;1.2387224514606776;-4.4627872587678485;-14.974349912679575;-10.08;-13.799999999999999;49.199999999999996;7.4399999999999995
1985-04-01;22.106157082151405;-7.687245908032995;-18.25587066524565;-11.52;1.6800000000000002;44.76;8.64
1985-05-01;74.14983132153522;63.8881755597719;70.1478585066555;61.08;-27.0;-10.32;7.92
1985-06-01;27.20342077763502;15.948199531045457;24.295894197877438;15.24;7.800000000000001;8.399999999999999;6.6000000000000005
1985-07-01;-30.955777746682138;-0.48678678203678705;25.27466967628696;-8.879999999999999;34.2;-19.56;7.4399999999999995
1985-08-01;-4.001824969355385;-6.081900848771948;-9.795476072756026;-12.24;-4.08;27.36;6.6000000000000005
1985-09-01;-49.03987426426045;-51.325430735833834;-27.59413430204152;-54.480000000000004;-18.96;15.84;7.199999999999999
1985-10-01;93.22162542819964;48.24927689046817;36.281867132259165;48.239999999999995;-18.84;9.36;7.800000000000001
1985-11-01;85.9142079462701;78.15108040842169;117.38059934669002;77.76;2.7600000000000002;-34.44;7.32
1985-12-01;56.3081668162374;52.790214198990014;54.80230710454668;46.56;-5.88;-18.36;7.800000000000001
1986-01-01;35.266146475301134;2.05699763011621;15.277559759533414;7.800000000000001;14.64;6.36;6.720000000000001
1986-02-01;104.72326118866516;77.96872139135337;113.03791520347633;85.56;-7.800000000000001;-11.28;6.36
1986-03-01;89.3146246868343;52.22607383886533;75.18055694069305;58.56;-6.24;-5.28;7.199999999999999
1986-04-01;12.117199208540308;-9.888683065878228;-24.88437691067623;-15.72;34.08;-34.2;6.24
1986-05-01;85.66442024550882;56.15927337974544;57.394739694604084;55.44;-15.84;-1.32;5.88
1986-06-01;57.70209113239396;8.71227742023921;17.646874976574225;12.36;-10.92;16.799999999999997;6.24
1986-07-01;-80.02481696058814;-62.09110448264742;-95.57213890674333;-77.4;-40.56;57.36;6.24
1986-08-01;39.74340591007939;97.37573221664046;64.46744481599212;72.84;-50.04;42.24;5.5200000000000005
1986-09-01;-126.55397954722585;-89.0166123094092;-94.8817961537818;-103.19999999999999;27.36;38.28;5.4
1986-10-01;83.56939769068671;48.613963188079566;86.31588360632246;55.92;-29.759999999999998;-15.84;5.5200000000000005
1986-11-01;20.487285615588785;17.76279867515391;30.437558182492502;14.04;-23.04;-0.72;4.68
1986-12-01;-27.59404615165066;-29.547370617030378;-43.077759428960505;-39.24;0.96;4.4399999999999995;5.88
1987-01-01;130.09632259689255;155.82645124078982;168.38042481539713;149.64000000000001;-21.72;-38.160000000000004;5.04
1987-02-01;73.41247578474605;46.09820048442894;78.93527309808945;52.67999999999999;41.88;-71.88;5.16
1987-03-01;2.92185513968774;26.224163407449048;37.72862233104991;19.68;4.4399999999999995;19.919999999999998;5.64
1987-04-01;-35.698824342900785;-17.710382552157107;-10.96908545596759;-25.32;-20.28;-3.96;5.28
1987-05-01;16.26170154715343;10.313004217871208;-7.383184306625917;1.32;-6.36;1.56;4.5600000000000005
1987-06-01;63.05372697912459;57.23267832430498;49.51784503532047;47.28;-26.160000000000004;12.84;5.76
1987-07-01;77.51870566502751;50.454282602264584;21.896974251821476;46.2;-8.040000000000001;7.92;5.5200000000000005
1987-08-01;16.075494079629124;51.0262781405783;67.71949558831734;42.24;-8.64;-10.8;5.64
1987-09-01;-20.081899027330557;-29.199205432833928;-23.04242199582119;-31.08;6.24;3.3600000000000003;5.4
1987-10-01;-301.17110048422177;-264.7477053583642;-258.9811732445795;-278.88;-101.16;50.760000000000005;7.199999999999999
1987-11-01;-69.39305268417428;-97.81520695351108;-81.49587653329503;-93.24;33.24;37.68;4.199999999999999
1987-12-01;121.10887697709677;91.30062635819833;72.79243223355164;81.72;1.56;-53.88;4.68
1988-01-01;32.43708260152698;60.019648206661174;49.442240294836566;50.519999999999996;-9.24;60.96;3.4799999999999995
1988-02-01;79.80089856866559;55.23138435070568;57.235809455130436;57.0;40.32;-19.799999999999997;5.5200000000000005
1988-03-01;-38.18461343797825;-12.803946918540198;-46.17177983691594;-27.240000000000002;73.92;8.879999999999999;5.28
1988-04-01;4.429014793350097;10.808488530425587;22.119876450408448;6.720000000000001;11.52;20.28;5.5200000000000005
1988-05-01;3.845903544251749;7.807255948727262;-18.913521158429955;-3.4799999999999995;-31.68;27.599999999999998;6.12
1988-06-01;51.29535665247294;49.3249378533722;111.42245452163263;57.480000000000004;25.92;-12.84;5.88
1988-07-01;-1.09277346532087;-1.9180225782073324;-38.40289933737009;-15.0;-2.52;27.240000000000002;6.12
1988-08-01;-47.47639321520647;-21.723082263029212;-74.15494069822138;-39.72;0.48;24.36;7.08
1988-09-01;54.20710839392635;43.858145982534104;51.12746508152604;39.599999999999994;-15.0;-8.16;7.4399999999999995
1988-10-01;23.189884384777812;23.767107836032807;1.5349729883613803;13.799999999999999;-34.8;20.52;7.32
1988-11-01;-13.401376885801703;-18.72971065580908;-33.440267513354044;-27.48;-20.88;14.879999999999999;6.84
1988-12-01;31.234005433482828;18.011512731710074;52.212573531616194;17.88;23.4;-18.6;7.5600000000000005
1989-01-01;75.76597280544452;76.24768644671731;91.07838823132778;73.19999999999999;-25.68;6.12;6.6000000000000005
1989-02-01;-11.062416924491536;-22.558233910442624;-36.43300116743959;-27.0;33.12;10.44;7.32
1989-03-01;35.59958670566936;33.643747494499635;-9.064201304165877;18.84;8.879999999999999;5.5200000000000005;8.040000000000001
1989-04-01;41.32988551106358;64.67868070417418;63.60863669009149;51.96;-7.08;-17.4;8.040000000000001
1989-05-01;32.2676582101065;57.23953551285045;30.200458586606;40.2;-0.48;-9.84;9.48
1989-06-01;-11.013538729813837;0.6828405028417349;-32.21240693319065;-16.200000000000003;-12.120000000000001;26.28;8.52
1989-07-01;71.46506884185158;111.49942323542078;61.87627961669173;86.4;-48.239999999999995;-34.08;8.399999999999999
1989-08-01;25.437575871519876;21.146589188806992;46.23443489793152;17.28;6.0;8.64;8.879999999999999
1989-09-01;8.491437542675472;-0.1356517182289086;-24.89989042518469;-9.120000000000001;3.3600000000000003;-16.080000000000002;7.800000000000001
1989-10-01;-7.7866574513520135;-37.93302769150156;-53.76129048222338;-44.04;-39.599999999999994;-12.36;8.16
1989-11-01;37.78102398581199;19.537379479043075;4.318792284653982;12.36;-14.879999999999999;-13.440000000000001;8.28
1989-12-01;47.89186073767989;17.25951650456041;17.04709407932338;13.919999999999998;-28.92;3.3600000000000003;7.32
1990-01-01;-54.084455403664265;-98.43477101353851;-59.67464277474599;-94.19999999999999;-15.48;10.44;6.84
1990-02-01;37.90021487276262;8.752242717636856;34.14575541667966;13.32;12.36;7.32;6.84
1990-03-01;21.33349872966499;31.419287007632047;39.43303923473479;21.96;18.240000000000002;-34.8;7.68
1990-04-01;-22.16096431286989;-37.106475089489386;-31.00990124190783;-40.32;-6.0;-30.599999999999998;8.28
1990-05-01;119.9583227760615;107.41406014780927;112.59687532475236;101.03999999999999;-30.839999999999996;-44.88;8.16
1990-06-01;1.3363466203450654;-5.048517133263691;-23.58788452280988;-13.080000000000002;17.16;-23.28;7.5600000000000005
1990-07-01;-16.803252664747593;-5.793705724548093;-26.618128337756723;-22.799999999999997;-38.519999999999996;-0.12;8.16
1990-08-01;-121.75002504593797;-109.73546836999384;-116.08067300078915;-121.80000000000001;-42.96;18.96;7.92
1990-09-01;-54.95666490212787;-83.10292356082242;-44.27526845272524;-73.44;-44.04;8.76;7.199999999999999
1990-10-01;11.133525914690718;-29.260702040791067;27.60098964285565;-23.04;-66.12;2.64;8.16
1990-11-01;72.37948305841877;87.39089527421757;72.24107749385229;76.19999999999999;3.96;-37.92;6.84
1990-12-01;31.391763266368216;38.52115545420885;28.630078944656997;29.52;9.48;-18.48;7.199999999999999
1991-01-01;52.12100031162671;72.44482669497901;17.70901430133611;56.28;45.480000000000004;-22.080000000000002;6.24
1991-02-01;114.09061967467628;90.8866971746487;66.95459268376354;86.28;47.400000000000006;-6.48;5.76
1991-03-01;63.71364818850796;26.91240627761585;28.546109073043688;31.799999999999997;46.68;-14.76;5.28
1991-04-01;6.963923721911637;-1.0414743955727261;18.185370877496815;-3.3600000000000003;6.0;17.04;6.36
1991-05-01;71.92014736492938;44.19760757275199;48.5107172594534;43.8;-4.08;-6.84;5.64
1991-06-01;-53.77966746688463;-54.45223958739133;-55.17489207249325;-59.28;0.8400000000000001;14.52;5.04
1991-07-01;85.92174428485461;48.66023751310928;56.551485095876856;50.88;-11.16;-15.0;5.88
1991-08-01;38.015023195418095;27.755962908328854;39.035922595631675;27.839999999999996;19.080000000000002;-9.36;5.5200000000000005
1991-09-01;-21.858893464126297;-11.925745027443135;-7.671362938329233;-19.080000000000002;19.56;-12.0;5.5200000000000005
1991-10-01;22.562691013151536;18.583968572676394;29.74578579703868;15.48;10.8;-5.16;5.04
1991-11-01;-29.09699144866729;-46.5254603989728;-57.788540404151384;-50.28;-5.76;-23.16;4.68
1991-12-01;99.45210261567442;133.35170597725372;154.2459082617998;130.07999999999998;-26.880000000000003;-48.36;4.5600000000000005
1992-01-01;-17.838229835635694;6.534834668476537;-28.306364711338055;-7.08;101.64000000000001;54.12;4.08
1992-02-01;20.560021582262554;15.8891593722574;2.8177826293349937;13.080000000000002;10.56;76.44;3.3600000000000003
1992-03-01;-7.063834076512595;-36.34950778695758;-20.322060342271293;-31.92;-12.36;43.8;4.08
1992-04-01;43.04881444684614;13.681919461599598;27.159920053800562;12.84;-73.44;51.72;3.84
1992-05-01;15.098308088408931;15.364154121080892;-17.23485612663592;3.5999999999999996;4.68;15.36;3.3600000000000003
1992-06-01;-21.186415110848365;-29.703417875708585;-2.7553028888372593;-28.08;-37.08;40.8;3.84
1992-07-01;58.089123848590646;44.356787817698994;49.79286421278297;45.24;-5.28;-6.36;3.7199999999999998
1992-08-01;-22.57472911537848;-23.6022282061194;-33.56547120483285;-28.56;-1.44;-12.36;3.12
1992-09-01;3.239169476583117;14.505935502264187;26.236155908339256;14.28;6.720000000000001;-2.52;3.12
1992-10-01;-22.449908257244665;16.840628438951164;21.906804351817755;12.24;24.599999999999998;-25.200000000000003;2.7600000000000002
1992-11-01;13.29689156612204;48.08053250555038;74.90274657773467;49.56;44.400000000000006;-17.759999999999998;2.7600000000000002
1992-12-01;19.629222843877447;14.718855390951948;33.966535036117236;18.36;19.68;30.240000000000002;3.3600000000000003
1993-01-01;3.879953070944879;13.457952746283206;14.953791803960303;11.16;24.36;70.44;2.7600000000000002
1993-02-01;29.461880434934464;-2.763002471821157;19.895471109327698;1.44;-41.160000000000004;77.03999999999999;2.64
1993-03-01;28.35400094601829;28.131894163945635;34.12066796759689;27.599999999999998;2.7600000000000002;14.64;3.0
1993-04-01;4.969977378133636;-43.304087604819394;-21.441203424763255;-36.599999999999994;-8.399999999999999;31.32;2.88
1993-05-01;15.911486404687023;37.53807654038576;51.53699098070694;34.68;23.52;-40.92;2.64
1993-06-01;18.199836845095405;-2.432291127038878;18.428875904922403;3.7199999999999998;-3.7199999999999998;31.44;3.0
1993-07-01;14.094598689893285;-15.073838614681621;25.47335506864496;-4.08;11.16;39.0;2.88
1993-08-01;31.865940887830455;54.11624865035146;42.53871413120995;44.519999999999996;3.7199999999999998;-5.4;3.0
1993-09-01;-15.813752143226525;-2.9663745751839006;22.333635590379494;-1.44;37.32;-5.28;3.12
1993-10-01;28.631902765376275;35.108389657872344;-17.902743149104975;16.919999999999998;17.4;-18.48;2.64
1993-11-01;-20.16583755473249;-16.289146352819674;-28.529359112354825;-22.68;-17.04;-3.24;3.0
1993-12-01;36.23319186795372;29.120772767073973;4.322174624736635;19.799999999999997;14.64;6.84;2.7600000000000002
1994-01-01;14.267554162347501;48.22710830871442;40.290657378645136;34.44;1.7999999999999998;25.08;3.0
1994-02-01;-48.05977661809314;-23.749555760302265;-21.054683313798012;-30.599999999999998;32.76;-17.4;2.52
1994-03-01;-56.64697437978803;-56.71229259252368;-44.524648654532186;-57.36;-11.76;15.48;3.24
1994-04-01;9.77691461110709;9.503311755832314;30.110209000731402;8.16;-11.040000000000001;20.16;3.24
1994-05-01;-20.73296606467819;8.388783260160217;39.498582375350935;6.959999999999999;-24.119999999999997;2.4000000000000004;3.7199999999999998
1994-06-01;-38.40813109790939;-32.296642033752775;-29.057109543214416;-36.36;-5.4;20.28;3.7199999999999998
1994-07-01;50.1406345198083;37.484000528761044;33.44033509663052;33.839999999999996;-20.64;7.4399999999999995;3.3600000000000003
1994-08-01;28.13619385470924;61.594185413465624;35.70208629327078;48.12;16.080000000000002;-33.72;4.4399999999999995
1994-09-01;-20.8741362520774;-16.454533852110167;-59.2000009096939;-27.72;33.96;-22.919999999999998;4.4399999999999995
1994-10-01;4.762636299653302;27.247226848718938;2.85272984483771;16.080000000000002;-28.200000000000003;-20.88;4.5600000000000005
1994-11-01;-36.18559897870083;-42.99203770546703;-63.49157074597987;-48.480000000000004;3.12;-11.28;4.4399999999999995
1994-12-01;38.036148664918365;8.529284346946904;16.796768452344164;10.32;0.48;6.48;5.28
1995-01-01;33.13888059931975;13.117549528915962;58.2147931581877;21.6;-31.799999999999997;9.72;5.04
1995-02-01;34.07427771178344;45.84840618431498;60.38302822489688;43.56;-8.040000000000001;13.080000000000002;4.800000000000001
1995-03-01;20.77365173776993;42.097857190495674;18.214022701683994;26.28;-8.28;-13.200000000000001;5.5200000000000005
1995-04-01;-8.321119359205696;42.12036023194012;21.602792900290687;25.32;-7.5600000000000005;27.240000000000002;5.28
1995-05-01;51.44540140363613;32.236350430264075;62.96038226321191;34.8;-26.52;20.64;6.48
1995-06-01;35.79434749172316;37.47024363609672;22.277842476214655;32.64;35.160000000000004;-27.36;5.64
1995-07-01;39.21948967570921;53.702695985602034;39.34899055981059;44.64;25.08;-20.04;5.4
1995-08-01;13.950033458505269;-2.7943468378483938;41.8302132407048;6.6000000000000005;19.080000000000002;32.519999999999996;5.64
1995-09-01;63.56543688603802;32.27878969856213;61.163544115834206;40.2;-25.32;-9.0;5.16
1995-10-01;-8.143622916291527;-13.858434847486526;-25.337344143494406;-18.240000000000002;-45.0;-8.879999999999999;5.64
1995-11-01;47.41423088769084;47.314288050248315;71.91288171298726;47.519999999999996;-14.04;11.399999999999999;5.04
1995-12-01;40.4238141671176;9.272766430195702;17.328736769411563;12.36;6.959999999999999;10.44;5.88
1996-01-01;47.025481862092036;30.973198088261327;22.878388939053156;27.119999999999997;-31.44;3.5999999999999996;5.16
1996-02-01;-12.938560801676;28.884754248003937;12.942826479762937;15.96;22.56;-17.04;4.68
1996-03-01;-3.5475277018298543;14.14310543867518;30.20297198357949;8.76;15.72;12.120000000000001;4.68
1996-04-01;-8.116826046445569;32.58044985496956;37.52232930176096;24.72;58.92;-46.92;5.5200000000000005
1996-05-01;40.864565578230945;30.107503449836884;31.31794902737859;28.32;36.599999999999994;-14.399999999999999;5.04
1996-06-01;15.366377466064085;-10.478799193898475;-4.3916618083731205;-13.68;-42.96;18.72;4.800000000000001
1996-07-01;-66.58681753493785;-76.2078699041044;-39.07897204753356;-71.64;-46.08;53.400000000000006;5.4
1996-08-01;28.5272046846192;33.71842707045472;54.883995736566035;33.24;27.599999999999998;-5.5200000000000005;4.92
1996-09-01;55.10421760736719;66.90156609927841;61.0902991457136;60.12;-10.56;-37.8;5.28
1996-10-01;29.08271781236061;18.69165615993009;7.794627210002815;10.32;-53.28;61.44;5.04
1996-11-01;60.443096235188584;93.74395950079028;58.38573494980469;75.0;-46.68;13.919999999999998;4.92
1996-12-01;-9.500770307437907;-12.920192063109145;-11.316287212848462;-20.4;38.400000000000006;10.68;5.5200000000000005
1997-01-01;43.12735564636038;70.32258944353549;70.20647991594842;59.760000000000005;-22.080000000000002;-19.799999999999997;5.4
1997-02-01;-2.811866521548395;-8.833264332991794;41.79260635806155;-5.88;-34.8;62.400000000000006;4.68
1997-03-01;-47.76305220662231;-43.70733084342389;-72.40520269509489;-60.239999999999995;-4.5600000000000005;45.72;5.16
1997-04-01;108.87401036347872;38.79482608633293;67.98280989244896;48.480000000000004;-67.80000000000001;-0.8400000000000001;5.16
1997-05-01;99.29243498547613;81.33290088157756;88.09616776917878;80.88;58.67999999999999;-46.44;5.88
1997-06-01;47.00643512837725;47.63676651390375;79.85322024710646;49.199999999999996;15.96;14.76;4.4399999999999995
1997-07-01;103.43208463580207;103.5612657599024;49.93866159694667;87.96000000000001;-33.599999999999994;9.84;5.16
1997-08-01;-67.74535379667348;-22.91239175542612;-72.47808676355321;-49.800000000000004;87.72;16.56;4.92
1997-09-01;80.03681310110463;60.953963416924026;77.2918141123553;64.19999999999999;31.32;0.12;5.28
1997-10-01;-26.4464533914525;-50.080595139315136;-44.80292351503322;-45.599999999999994;-8.16;23.4;5.04
1997-11-01;46.84573958610822;33.209011443948974;42.01936313712311;35.76;-59.400000000000006;9.48;4.68
1997-12-01;60.495488361953434;0.7597245243274886;15.499836671494812;15.84;-28.200000000000003;41.400000000000006;5.76
1998-01-01;17.386158786247766;16.117734317282594;-26.318241157215297;1.7999999999999998;-13.919999999999998;-17.4;5.16
1998-02-01;85.37948781231665;88.533547062476;92.70827850793191;84.48;0.0;-1.56;4.68
1998-03-01;41.48972548761948;70.46898980237083;62.82142447668545;57.12;-11.16;12.600000000000001;4.68
1998-04-01;7.787499468133153;18.11074667380226;6.466270565039186;8.76;2.4000000000000004;8.879999999999999;5.16
1998-05-01;-34.067048895343866;-29.761633819120327;-29.241836046431658;-36.839999999999996;-44.88;49.92;4.800000000000001
1998-06-01;18.36981921642191;44.21883784115318;40.17252724162059;38.160000000000004;-37.92;-27.96;4.92
1998-07-01;2.724993502813142;-53.50927748622093;-1.2805023704018506;-29.52;-61.44;-11.52;4.800000000000001
1998-08-01;-175.85982523921587;-172.91843456756504;-218.0293545823191;-192.95999999999998;-63.72;40.8;5.16
1998-09-01;62.53709597924716;91.39797447566028;52.48159117004892;73.80000000000001;-1.6800000000000002;-39.72;5.5200000000000005
1998-10-01;149.4047440384225;65.17557274734872;108.03632409987219;85.56;-39.480000000000004;-26.52;3.84
1998-11-01;93.23296892811577;74.03955736361806;65.53047017301343;73.19999999999999;12.84;-37.8;3.7199999999999998
1998-12-01;117.99810106232786;54.75616377356449;80.15316785366986;73.92;-4.199999999999999;-53.519999999999996;4.5600000000000005
1999-01-01;6.111084850602086;32.04722777885348;115.31756553802914;42.0;4.4399999999999995;-48.36;4.199999999999999
1999-02-01;-15.23724389057052;-40.264262932329316;-79.05324691320264;-48.96;-68.03999999999999;16.799999999999997;4.199999999999999
1999-03-01;33.307734407574884;39.09428522841318;50.78005381726578;41.400000000000006;-47.160000000000004;-31.799999999999997;5.16
1999-04-01;51.75361394826432;58.96244767759323;27.289671836532115;51.96;48.0;30.36;4.4399999999999995
1999-05-01;-3.684920715278693;-30.384856869810633;-15.864467791261319;-29.52;41.04;28.799999999999997;4.08
1999-06-01;110.57347622711885;43.14799041699794;82.86467499456046;57.239999999999995;36.599999999999994;-43.2;4.800000000000001
1999-07-01;-57.26987983612941;-32.55712028344242;-20.2592314299056;-41.88;32.04;-9.120000000000001;4.5600000000000005
1999-08-01;-41.16533841004936;9.320183230820959;-48.13163901021311;-16.56;-15.24;-15.72;4.68
1999-09-01;-49.99868277286281;-28.96746885754888;-5.219522828941267;-33.480000000000004;39.96;-40.8;4.68
1999-10-01;61.856927750444555;80.36472201837361;54.1594494283905;73.44;-83.4;-34.56;4.68
1999-11-01;97.16181559171486;5.5220651656136095;101.27943864974904;40.44;88.44;-78.12;4.32
1999-12-01;174.60039064125095;10.031073833518581;246.98604465082076;92.64;85.44;-104.88;5.28
2000-01-01;-47.18419590847858;-51.708687759963624;-56.56100107845677;-56.88;59.400000000000006;-3.4799999999999995;4.92
2000-02-01;-16.275459301731164;49.99926995705627;-76.31806887047962;29.400000000000002;260.4;-119.16;5.16
2000-03-01;91.21492669462017;87.18863281037787;184.5089575776689;62.400000000000006;-202.32;88.56;5.64
2000-04-01;-62.50355864840499;-56.346866331134564;-33.340112911995085;-76.80000000000001;-92.76;103.32;5.5200000000000005
2000-05-01;-36.57600952789857;-66.66421723023919;46.730230820612235;-53.04;-61.32000000000001;30.72;6.0
2000-06-01;17.445699108532718;92.44680601887183;-49.0066968309458;55.67999999999999;166.2;-118.32;4.800000000000001
2000-07-01;-44.898968013632214;3.109372791383841;-82.0651741074293;-30.119999999999997;-33.12;96.72;5.76
2000-08-01;111.30913745776112;85.3178501200419;68.1594774314662;84.36;-13.799999999999999;-7.92;6.0
2000-09-01;-49.2293227635698;-66.91013173328479;-82.77418972313131;-65.4;-15.84;73.56;6.12
2000-10-01;0.6004684249995733;-31.268889518757632;-35.31465096162373;-33.12;-45.599999999999994;67.67999999999999;6.720000000000001
2000-11-01;-48.72484049369176;-112.58424502047087;-247.70377666981597;-128.64000000000001;-33.24;135.12;6.12
2000-12-01;109.96834230825837;-1.8749711817483337;-51.57212681507956;14.28;11.52;88.44;6.0
2001-01-01;-16.044234031485352;47.008335573182926;88.1471716243282;37.56;78.48;-58.32000000000001;6.48
2001-02-01;-34.542448945359446;-119.74902348388447;-132.8469788000863;-120.60000000000001;-8.64;154.44;4.5600000000000005
2001-03-01;-65.04605555899857;-87.87446624128853;-147.66998482501182;-87.12;4.08;77.52;5.04
2001-04-01;69.22473047985746;136.29371337494166;67.06411962173198;95.28;6.48;-56.64;4.68
2001-05-01;35.51789312696979;2.200481532843936;6.5834836046022485;8.64;31.08;38.160000000000004;3.84
2001-06-01;-14.475433441912415;-19.209253801039893;-49.362117684003934;-23.28;72.36;-12.36;3.3600000000000003
2001-07-01;-44.320428767930395;9.446963602502512;-81.16703430573877;-25.56;-52.199999999999996;66.84;3.5999999999999996
2001-08-01;-39.79081976701889;-53.358480504835214;-145.50079797646714;-77.52;30.0;30.119999999999997;3.7199999999999998
2001-09-01;-106.64520279551567;-77.11411773969562;-225.22528688234723;-111.0;-73.44;19.200000000000003;3.3600000000000003
2001-10-01;23.436019075312277;6.705409904860737;131.9422456911425;29.52;91.56;-97.19999999999999;2.64
2001-11-01;47.964690895989015;77.18139648796318;172.13337198167076;90.48;-4.92;24.119999999999997;2.04
2001-12-01;40.05756397603563;18.361470386530982;19.95857950150109;19.32;54.84;13.200000000000001;1.7999999999999998
2002-01-01;-20.340809669922763;-42.49119923299136;21.56273704923519;-17.28;14.28;39.96;1.6800000000000002
2002-02-01;7.755584413599919;-24.867030460603548;-74.07021594003994;-27.48;-13.200000000000001;30.0;1.56
2002-03-01;67.06319784239527;45.5274933925477;76.76669474575638;50.88;50.760000000000005;13.200000000000001;1.56
2002-04-01;-22.892143654516317;-87.61339347460827;-44.56918993241485;-62.400000000000006;71.28;47.04;1.7999999999999998
2002-05-01;-0.3479258529628972;-27.85049808880254;2.826398709588102;-16.56;-38.519999999999996;20.16;1.6800000000000002
2002-06-01;-41.80243323417233;-110.3701875853308;-94.75265284118001;-86.52;51.239999999999995;1.44;1.56
2002-07-01;-76.43563391851666;-111.37212090723588;-83.1717975978395;-98.16;-63.599999999999994;-41.28;1.7999999999999998
2002-08-01;7.458818594129015;5.05710531421679;28.517877907260726;6.0;-29.28;30.240000000000002;1.6800000000000002
2002-09-01;-87.70357246678677;-139.9478401596051;-123.41272387321557;-124.19999999999999;30.839999999999996;15.84;1.6800000000000002
2002-10-01;66.68188711427891;109.67597848282433;72.49342654566561;94.08;-34.92;-65.4;1.6800000000000002
2002-11-01;52.55692100632111;87.3430759351534;45.65617588461834;71.52;34.08;-13.440000000000001;1.44
2002-12-01;-49.968499796889674;-65.96875460498262;-40.34680197703913;-69.12;0.12;26.759999999999998;1.32
2003-01-01;-27.47400060435973;-36.3029166823352;-27.236065357106778;-30.839999999999996;16.68;-11.16;1.2000000000000002
2003-02-01;-16.265372112787762;-12.312806510059389;-41.51430460868709;-22.56;-4.08;-17.4;1.08
2003-03-01;48.068852152901144;-0.7456098216437912;13.262820313794931;13.080000000000002;10.68;-24.96;1.2000000000000002
2003-04-01;69.91508375080981;94.86768470344268;120.68697592002852;98.64000000000001;6.720000000000001;12.36;1.2000000000000002
2003-05-01;53.65609322456998;87.87867071636859;68.91070044626149;72.6;56.28;-3.4799999999999995;1.08
2003-06-01;42.47358018180928;8.792103578859098;15.98040705016265;17.04;20.04;8.16;1.2000000000000002
2003-07-01;4.411293372893243;29.53191033226894;43.63553297363881;28.200000000000003;62.88;-13.559999999999999;0.8400000000000001
2003-08-01;-5.536275703775964;57.90730844455099;-2.1585622389675927;28.08;31.200000000000003;24.36;0.8400000000000001
2003-09-01;0.5945166314531148;-24.679629069887827;11.573118334594696;-14.879999999999999;9.600000000000001;0.12;0.96
2003-10-01;32.91651623972877;81.52036064940731;75.83905451620569;72.96000000000001;32.160000000000004;21.240000000000002;0.8400000000000001
2003-11-01;35.19959595241552;17.979504292160634;14.07539918161223;16.200000000000003;24.240000000000002;22.200000000000003;0.8400000000000001
2003-12-01;68.73069270929358;54.390026036796705;60.570141185160395;51.480000000000004;-36.0;28.92;0.96
2004-01-01;22.574989804115187;28.593714954204835;23.307962816056545;25.799999999999997;33.599999999999994;23.64;0.8400000000000001
2004-02-01;19.894775508528006;0.5624489962963407;47.735543971424676;16.799999999999997;-17.16;6.0;0.72
2004-03-01;-24.639377467533315;-16.17736603841251;-5.222121160493955;-15.84;21.0;2.64;1.08
2004-04-01;27.43198304249752;-38.42402731905286;-26.151274710796322;-21.96;-24.72;-31.44;0.96
2004-05-01;-1.6941577624740476;26.45903496505289;-3.5731561850615714;14.04;-2.52;-4.68;0.72
2004-06-01;4.959412513576406;30.8208155550304;16.323331272912196;22.32;27.119999999999997;16.68;0.96
2004-07-01;-71.68864016415313;-47.70390328609818;-27.568782973222323;-48.72;-45.72;49.44;1.2000000000000002
2004-08-01;6.85560414228363;-12.86879491016574;37.61470875423649;0.96;-19.44;12.24;1.32
2004-09-01;-1.0319608124065591;35.73484441511266;4.481299023204212;19.200000000000003;36.480000000000004;-3.0;1.32
2004-10-01;14.268695482979378;18.608931666464933;33.535466615313595;17.16;3.7199999999999998;-7.4399999999999995;1.32
2004-11-01;47.14390252952182;61.70502101004958;62.38565623053945;54.480000000000004;46.92;21.6;1.7999999999999998
2004-12-01;53.60668959181692;38.25831101147148;40.661346210127235;41.160000000000004;1.44;-0.8400000000000001;1.92
2005-01-01;-51.93897528733932;-25.847692414289078;-21.796804561226406;-33.12;-18.12;23.52;1.92
2005-02-01;23.464138479741692;29.756370620455087;20.36239710739627;22.68;-6.12;19.68;1.92
2005-03-01;-19.251745997407955;-28.87830172303765;-4.731974271098318;-23.64;-16.56;19.080000000000002;2.52
2005-04-01;13.662011651094458;-38.020334497799205;-28.305971904694587;-31.32;-47.76;-4.199999999999999;2.52
2005-05-01;27.556925560239318;48.85828702560851;47.35052233369877;43.8;34.56;-9.72;2.88
2005-06-01;-5.5621256625119315;8.29145965081602;29.79366546929467;6.84;31.44;31.56;2.7600000000000002
2005-07-01;60.02302140045881;48.08978163043514;51.18709743521461;47.04;35.160000000000004;-6.12;2.88
2005-08-01;-13.255972917199353;-1.7733711651199053;-32.26634101166479;-14.64;-11.040000000000001;15.24;3.5999999999999996
2005-09-01;-5.838936988985306;16.289156144869196;12.828467058980369;5.88;-6.959999999999999;9.120000000000001;3.4799999999999995
2005-10-01;-27.361978205838803;-22.748268009405873;-21.996121344213076;-24.240000000000002;-14.52;2.7600000000000002;3.24
2005-11-01;43.156186671264244;52.15046158094347;28.77784100445733;43.32;10.92;-14.28;3.7199999999999998
2005-12-01;21.526344688799615;-0.6130575484976871;0.9084566165030663;-3.0;-5.4;5.28;3.84
2006-01-01;36.649245857933;53.006786453128896;32.43283420686539;36.480000000000004;64.92;13.440000000000001;4.199999999999999
2006-02-01;4.899563303543414;-6.396620783512634;7.773452888272544;-3.5999999999999996;-4.4399999999999995;-3.0;4.08
2006-03-01;16.14789151909914;24.257259219173054;26.81546118169357;17.52;42.599999999999994;7.199999999999999;4.4399999999999995
2006-04-01;-6.182426814956013;22.113886564493875;20.391591854551557;8.76;-16.080000000000002;31.200000000000003;4.32
2006-05-01;-49.95055703076912;-44.306403681705405;-28.843112991239074;-42.839999999999996;-36.480000000000004;30.599999999999998;5.16
2006-06-01;2.030469713502902;0.060014049819359164;-3.8535788073603734;-4.199999999999999;-4.199999999999999;10.56;4.800000000000001
2006-07-01;38.58935170481236;-10.86325391911781;-19.311629388039073;-9.36;-48.84;35.28;4.800000000000001
2006-08-01;-3.3929772330272443;38.70275213194179;32.18962548566957;24.36;10.8;-20.52;5.04
2006-09-01;-16.87629799730854;36.35456657003573;35.03727035597131;22.080000000000002;-16.44;0.6000000000000001;4.92
2006-10-01;37.84309116641252;47.019311233784315;40.0801832600899;38.76;20.64;-0.48;4.92
2006-11-01;47.299429539495165;24.468287649235073;18.544013509809012;20.52;10.32;0.8400000000000001;5.04
2006-12-01;-11.325244028679151;24.908437391015536;4.185068296120336;10.44;-13.200000000000001;37.8;4.800000000000001
2007-01-01;4.212257705632423;27.75191362854784;24.54346876743032;16.799999999999997;1.32;-1.32;5.28
2007-02-01;-18.010249961036;-18.58816115024256;-24.142449420400382;-23.52;15.84;-1.08;4.5600000000000005
2007-03-01;44.886357119432425;9.234862286817831;3.814901372634606;8.16;-0.6000000000000001;-2.64;5.16
2007-04-01;47.72861075068231;50.40462079977043;43.14340564467973;41.88;-24.839999999999996;-13.799999999999999;5.28
2007-05-01;70.56783457188163;43.71504349698948;28.2940879369528;38.88;0.24;-0.48;4.92
2007-06-01;11.426485878886798;-13.219043707057763;-46.815389417734124;-23.52;9.36;-13.440000000000001;4.800000000000001
2007-07-01;-7.2999108651052325;-53.856795172356605;-16.271931087934313;-44.76;-30.119999999999997;-39.96;4.800000000000001
2007-08-01;-4.193459338921106;16.24212374975105;27.470572884765854;11.040000000000001;-1.56;-26.880000000000003;5.04
2007-09-01;102.39155036630004;31.99105487765806;49.45093433511879;38.64;-27.48;-22.32;3.84
2007-10-01;30.304443428587334;17.897029212081435;79.42728414339244;21.6;2.64;-31.200000000000003;3.84
2007-11-01;-56.28630730674347;-45.42239903161432;-87.17546347502692;-57.96;-31.44;-14.16;4.08
2007-12-01;49.23590547559749;-30.667037806487972;7.589781435122349;-10.44;2.4000000000000004;-6.12;3.24
2008-01-01;-131.59678880575342;-46.83146888563948;-91.3544139618371;-76.32000000000001;-10.8;43.8;2.52
2008-02-01;39.75920159866265;-43.167640731970586;-47.89562804645912;-37.08;-2.88;-11.28;1.56
2008-03-01;-14.503248270461464;-3.5430665155053918;-11.112368333851244;-11.16;11.399999999999999;-1.6800000000000002;2.04
2008-04-01;105.3881228696051;52.0312428752445;46.439483649625934;55.199999999999996;-19.68;-11.399999999999999;2.16
2008-05-01;49.92914411355697;16.76902321617074;37.59699122738895;22.32;38.64;-16.56;2.16
2008-06-01;-14.211415612475612;-130.73296928311555;-60.297073945601696;-101.28;15.36;-29.04;2.04
2008-07-01;11.850412783997156;-34.35394375309996;3.7916532621962276;-9.24;29.400000000000002;70.56;1.7999999999999998
2008-08-01;15.260822293221466;4.590361549775514;25.328403037594384;18.36;43.32;18.240000000000002;1.56
2008-09-01;-183.76795891213806;-118.74531701990676;-113.88722637053716;-110.88;-13.919999999999998;75.96000000000001;1.7999999999999998
2008-10-01;-167.36765984765356;-227.62221861231927;-243.1748094597814;-206.76;-27.839999999999996;-34.68;0.96
2008-11-01;-89.53579031253487;-79.5334987024219;-166.81371662901472;-94.32000000000001;-35.519999999999996;-72.24;0.36
2008-12-01;60.903449392549504;23.13491289105015;53.17552464943542;20.88;43.32;-3.0;0.0
2009-01-01;-71.29456097093203;-70.16210593953636;-231.78160614047164;-97.44;0.96;-134.16;0.0
2009-02-01;-106.8612313762173;-114.10473825354039;-207.0247997768829;-121.19999999999999;2.64;-87.24;0.12
2009-03-01;101.36784134036799;94.29214973670159;189.509951674518;107.39999999999999;-0.96;42.72;0.24
2009-04-01;41.32716021277217;138.761551888719;188.84066109205784;122.28;57.239999999999995;66.36;0.12
2009-05-01;57.9367476067284;88.87928376712456;41.40828685110412;62.519999999999996;-28.08;-2.7600000000000002;0.0
2009-06-01;35.879541638818786;-10.436235518745267;26.811362866904133;5.16;31.44;-32.64;0.12
2009-07-01;77.0786706310998;101.66825375534134;97.00136523301481;92.64;24.839999999999996;63.36;0.12
2009-08-01;20.2294281130426;47.69186479625074;28.986654269906907;39.96;-10.8;93.0;0.12
2009-09-01;44.66798532847737;54.43498995220425;60.41542793756551;48.96;29.52;11.16;0.12
2009-10-01;-40.582416268483136;-19.919877135703533;-65.96275873116008;-31.08;-50.760000000000005;-50.16;0.0
2009-11-01;87.16430517726366;68.45850222024701;47.68032878726531;66.72;-30.0;-2.04;0.0
2009-12-01;44.85841941068291;41.83314867283782;0.11940350032506389;33.0;73.19999999999999;0.0;0.12
2010-01-01;-24.630331436390364;-57.927899655365685;-12.69081311034724;-40.32;4.5600000000000005;3.5999999999999996;0.0
2010-02-01;14.06813464858875;46.99346473694668;43.9690420524465;40.8;14.52;37.92;0.0
2010-03-01;55.58282468433612;72.9336127447435;100.33696635030462;75.72;17.16;25.32;0.12
2010-04-01;-3.5692437126555108;23.793018137980795;37.30545147959524;24.0;59.64;33.72;0.12
2010-05-01;-84.75684152438471;-106.29140940109593;-79.70685650499959;-94.67999999999999;0.6000000000000001;-28.56;0.12
2010-06-01;-27.42971839361288;-64.8992939070416;-90.11810903513154;-66.72;-23.64;-54.0;0.12
2010-07-01;60.11131910947354;93.14442105258013;75.77170995025382;83.16;2.04;-3.12;0.12
2010-08-01;-22.135731243767477;-50.59202813499368;-83.76702422741121;-57.239999999999995;-36.0;-23.4;0.12
2010-09-01;111.0174678090809;108.8793006771948;142.7117805182791;114.47999999999999;47.04;-37.56;0.12
2010-10-01;26.510855925560286;47.11148545802305;67.59051776666368;46.56;13.559999999999999;-31.200000000000003;0.12
2010-11-01;-26.553926091915333;8.065462278975584;4.939567677756818;7.199999999999999;44.400000000000006;-10.8;0.12
2010-12-01;69.8456837858592;88.39968135703077;61.2956944198331;81.84;8.28;45.839999999999996;0.12
2011-01-01;3.914532902137938;22.04530079634361;55.998927264491144;23.88;-29.64;9.84;0.12
2011-02-01;35.58586919046167;46.71198693764477;38.12564170395505;41.88;18.36;13.200000000000001;0.12
2011-03-01;20.872099043497528;4.314717420332321;-18.130204101346727;5.4;31.200000000000003;-18.96;0.12
2011-04-01;61.308090106191244;34.541225710669934;17.51658165059743;34.8;-4.08;-30.240000000000002;0.0
2011-05-01;16.83170563678151;-23.954423387335616;-31.338249884920288;-15.24;-8.399999999999999;-24.96;0.0
2011-06-01;-16.902242206044782;-21.12715939762136;-28.168821994446454;-21.0;-1.92;-3.84;0.0
2011-07-01;-21.03754406586002;-23.529459153015516;-42.03454131536706;-28.32;-16.200000000000003;-14.52;0.0
2011-08-01;-20.368801518359547;-80.06602876205824;-92.12797947152973;-71.88;-36.599999999999994;-29.759999999999998;0.12
2011-09-01;-57.651121306578005;-109.56862533157914;-127.17941942321178;-91.08;-42.36;-16.919999999999998;0.0
2011-10-01;107.02664447046524;146.19901848336374;149.91588682506884;136.2;41.04;-2.16;0.0
2011-11-01;3.469754789419456;-3.1610649679830862;-18.53461132134509;-3.3600000000000003;-2.04;-4.08;0.0
2011-12-01;20.055317637334074;-4.0650011757177005;15.164235776771049;8.879999999999999;-8.399999999999999;21.240000000000002;0.0
2012-01-01;13.98684391331616;78.79156036753072;71.59262930599097;60.599999999999994;25.799999999999997;-13.559999999999999;0.0
2012-02-01;44.09114204104803;56.94166530150345;40.68350947560816;53.04;-21.0;0.96;0.0
2012-03-01;27.572873248296467;15.738665625646892;56.8520936633323;37.32;-7.4399999999999995;11.040000000000001;0.0
2012-04-01;14.330834227770094;-15.60669711057417;-16.69751432869228;-10.2;-6.24;-5.76;0.0
2012-05-01;-63.29284746772607;-85.01729480533905;-78.86467100281692;-74.28;0.0;-7.08;0.12
2012-06-01;58.75622525651888;46.18689610618493;45.69903327000907;46.68;9.120000000000001;5.28;0.0
2012-07-01;9.619077819748068;8.928022061956817;14.060621062876244;9.48;-31.32;-3.24;0.0
2012-08-01;36.65647659829753;28.939859795357272;36.25662525352681;30.599999999999998;4.800000000000001;15.72;0.12
2012-09-01;39.49618379539545;32.62937317160505;24.00827207245617;32.76;5.88;18.36;0.12
2012-10-01;-40.26894390276969;-4.186542259504788;-56.777577271970934;-21.12;-13.799999999999999;45.480000000000004;0.12
2012-11-01;15.742877951284095;6.5068946464236;-0.201870624018505;9.36;7.08;-11.64;0.12
2012-12-01;23.49766600797644;17.82479255371999;-5.440893059525634;14.16;17.759999999999998;42.96;0.12
